songId,artist,genre,duration,playCount,dateAdded
Portrait of Hollow Fire,Quinn Walker,Soul,4:02,192244,9/14/2003
The Shape of Hollow Blood,TheCrimson Choir,Classical,3:58,5148,6/21/2004
Echoes of Burning Time,TheRestless Collective,Ambient,4:22,14,9/8/2022
Dreams of Heavy Truth, Paper Static,Disco,2:37,17,9/2/2020
Dreams of Sacred Fever,The Restless Assembly,Disco,3:13,1,11/16/2018
Ballad of Soft Static,The Restless Fever,Ambient,3:13,5013,7/21/2006
Echoes of Heavy Rain,TheWild Collective,Reggae,3:29,45,8/23/2005
Ballad of Heavy Rain,TheFalse Saints,House,3:52,7874,4/22/2023
Stories of Static Sins, Restless Ghosts,Reggae,2:45,67,10/10/2000
Whispers of Electric Fire, Electric Sinners,Afrobeats,4:21,1682,11/2/2009
Last Days of Forgotten Smoke,The Final Club,K-Pop,3:14,63,1/14/2021
Letters to Heavy Storms,TheWild Saints,Disco,4:22,1131,2/14/2015
Requiem for Slow Hope,False Kids,Disco,2:03,41,2/25/2012
Requiem for Young Eyes,TheWild Assembly,Soul,2:43,3,10/21/2021
Ballad of Crimson Snow,Soft Empire,Classical,3:59,2423,10/1/2001
Midnight in Distant Fire, Paper Dreams,Trap,3:51,7,2/19/1996
Tales from Burning Skies,Endless Cinema,Latin,2:16,1011,2/18/2011
Ballad of Forgotten Blood,The Velvet Fire,Trap,4:29,1862,12/3/2002
Ballad of Electric Youth,The Wild Sinners,Pop,3:46,137,7/21/2023
Children of Slow Youth,The Endless Shadows,Ambient,2:56,858488,11/10/1999
Whispers of Shattered Snow,The Empty Hearts,Soul,2:52,9,9/26/2024
Hymns to Endless Static,TheCold Choir,Ambient,2:53,7340,11/16/2005
Fragments of Sacred Fever,The Young Kids,Lo-Fi,3:00,2,11/1/2005
Children of Hollow Time,Glass Ritual,EDM,2:39,137041,11/27/2000
Stories of Hidden Storms,TheMidnight Empire,Classical,4:19,1,9/11/2003
Portrait of Cold Signals,The Dark Machines,Rock,2:08,32143,5/1/2002
Notes from Hidden Time, Plastic Saints,J-Pop,3:18,57730,8/10/2011
Visions of Final Night,Young Choir,Country,2:36,360978,5/22/1998
Notes from Electric Shadows,The Paper Youth,Disco,3:41,214355,10/4/2024
Requiem for Endless Fever,Plastic Cinema,Ambient,2:08,4316,6/11/2004
Ghosts of Static Skies,TheYoung Ritual,Metal,3:47,1,12/9/2023
Echoes of Velvet Glass,Glass Echoes,Classical,3:39,70493,4/13/2023
Children of Hollow Machines,TheLonely Dreams,Pop,2:13,1,3/14/2024
Stories of Fading Youth, Endless Ritual,Indie,2:30,433726,10/9/2006
Letters to Endless Truth, Crimson Sinners,Funk,3:05,490,7/11/1998
Songs for Forgotten Secrets,The Electric Dreams,Lo-Fi,3:22,2,1/24/2000
Ghosts of Lonely Rain,Sacred Collective,Ambient,3:56,52898,5/2/2005
Prayer for Endless Dreams,The Heavy Ritual,Soundtrack,2:46,72,8/17/2005
Songs for Velvet Signals, Modern Kids,Disco,3:06,5010,4/17/1996
Hymns to Heavy Mirrors, Holy Echoes,Soul,4:00,318,2/18/2021
Tales from Hidden Mirrors,The Velvet Flowers,Jazz,3:44,858198,3/5/2019
Fragments of Neon Time, Heavy Voices,Lo-Fi,3:10,246,12/15/1999
Visions of Wild Smoke,Heavy Hearts,Trap,2:08,1410,6/15/2001
Stories of Empty Hope,Broken Ghosts,Rock,3:31,134679,2/28/2022
Midnight in Soft Truth,The Plastic Ghosts,J-Pop,2:56,780,12/1/2018
Requiem for Velvet Flowers,TheCold Club,Punk,2:09,115167,3/11/2021
Letters to Young Storms,The Paper Sinners,House,2:58,52,3/22/2017
Ballad of Sacred Night, Velvet Angels,Folk,2:43,127549,6/21/2010
Fragments of Static Bones,The Silent Signals,Techno,4:01,14,9/26/2017
Dreams of Burning Static,Midnight Fever,House,3:19,200,5/20/2022
Fragments of Shattered Storms,Dark Cinema,Country,2:08,1,7/6/2024
Echoes of Slow Rivers, Bright Club,Folk,2:18,2,11/15/2020
Tales from Electric Dreams, Hidden Signals,Country,2:55,98859,9/12/2024
Visions of Young Blood,The Lonely Signals,Lo-Fi,3:40,28148,11/17/2003
The Shape of Burning Skies,TheSoft Cinema,Folk,4:25,285226,11/7/2024
Midnight in Velvet Hearts,TheYoung Youth,Blues,2:48,617,3/11/2015
Ghosts of Heavy Dust,The Dark Club,Jazz,3:11,1202,2/18/2024
Stories of Burning Bones,The Soft Echoes,Lo-Fi,2:47,16,10/17/1997
Ballad of Dark Gold,Golden Fire,Drill,3:58,82,7/9/2002
Fragments of Broken Glass,The Holy Angels,Folk,4:24,65,2/28/2016
Ghosts of Bright Flames,TheVelvet Saints,Trap,2:12,7442,5/28/2022
Echoes of Cold Fever,The Paper Sinners,Rock,2:32,36,3/8/2002
Visions of Silent Flowers,False Mirrors,Reggae,3:34,210,11/1/1999
Visions of Lonely Gold,The Glass Cinema,Pop,2:31,65022,2/8/2022
Letters to Lonely Rivers,TheStatic Voices,Latin,2:55,218,10/27/2003
Letters to Shattered Night,The Holy Society,Lo-Fi,2:50,7,11/3/2010
Midnight in Distant Stars, Endless Empire,Disco,2:53,9,8/10/1996
Notes from Empty Flames,TheGlass Club,Metal,3:44,8,10/28/2012
Tales from Restless Static,TheFeral Fever,Funk,2:11,1283,11/21/2012
Dreams of Neon Memories,The Holy Empire,Disco,2:08,4,2/25/1998
Whispers of Midnight Eyes,Crimson Fever,Trap,3:24,8,4/22/1995
Letters to Midnight Mirrors, Heavy Voices,Disco,2:55,86928,2/1/2016
Echoes of Neon Bones,The Golden Wolves,Alternative,2:23,25555,2/14/2012
Whispers of Empty Storms, Feral Strangers,Folk,3:20,32481,7/3/2004
Hymns to Forgotten Snow,The False Hearts,Blues,2:08,333563,6/7/2007
Requiem for Hollow Snow,The Empty Fever,Soul,4:29,4005,6/13/1998
Hymns to Wild Time, Young Signals,Pop,2:28,232,3/18/2015
Letters to Dark Echoes,The Dark Shadows,Funk,2:00,8981,6/7/2008
The Shape of Neon Eyes,Velvet Garden,Rock,2:17,2442,2/14/2005
Ghosts of Bright Static, Empty Hearts,Latin,3:19,59,5/3/2015
Letters to Slow Bones, Restless Ghosts,EDM,2:03,3,2/23/1995
Ballad of Static Lights,TheWild Cinema,Hip-Hop,4:03,28,9/8/2010
Portrait of Final Dreams, Modern Shadows,Alternative,2:42,4,11/28/2004
Children of Velvet Echoes, Paper Machines,Rock,2:59,1169,5/1/2001
Whispers of Burning Blood,Lonely Shadows,Country,4:13,8952,4/5/1999
Visions of Midnight Machines,TheEndless Machines,Techno,2:09,64,4/2/2024
Ghosts of Cold Storms, Soft Assembly,R&B,4:08,48,1/8/2016
Stories of Midnight Lies,The Restless Society,EDM,2:41,1115,8/23/1999
Children of Fading Faith,The Empty Ghosts,Drill,4:06,186,2/23/2018
Ghosts of Distant Fire,The Golden Signals,Soul,3:47,168571,7/8/2006
Fragments of Heavy Waves,Holy Society,Punk,3:05,1422,1/11/2024
Songs for Final Machines,TheSoft Voices,Funk,2:25,70,5/2/2000
Echoes of Restless Flowers,Soft Angels,Metal,2:09,141196,9/1/2021
Hymns to Slow Hope,The Bright Youth,Jazz,3:42,1,12/19/2000
Letters to Golden Truth,ThePlastic Wolves,Alternative,2:27,2,3/9/1998
Portrait of Soft Ashes,Electric Shadows,Latin,2:27,35141,4/10/2021
Portrait of Hollow Fire,Velvet Machines,Ambient,2:01,29,1/2/1997
Children of Lonely Fever,The Paper Assembly,Blues,3:51,22757,2/2/2004
Prayer for Distant Shadows,TheHoly Hearts,J-Pop,2:56,112,7/16/2019
Last Days of Hollow Secrets,ThePaper Mirrors,Soundtrack,2:26,6,11/17/2018
Echoes of Velvet Silence,Midnight Saints,Funk,4:08,184,3/28/2011
Stories of Bright Ashes,Neon Hearts,Alternative,3:46,3236,4/8/2018
Last Days of Wild Skies,The Golden Saints,Drill,4:21,5443,2/22/1997
Stories of Lonely Sins,Heavy Youth,EDM,2:33,33,4/13/2010
Songs for Young Voices,TheStatic Hearts,Electronic,4:19,535,4/11/2024
Prayer for Silent Echoes,The Sacred Mirrors,Techno,3:02,35,5/21/1996
Fragments of Bright Stars,The Restless Shadows,Pop,3:19,13,6/2/2017
Children of Dark Flames,The Feral Club,J-Pop,4:28,32223,9/28/2019
Last Days of Golden Ashes,TheMidnight Hearts,Blues,2:24,8121,7/22/2019
Visions of Hidden Shadows, Feral Garden,Ambient,3:45,23,2/7/2006
Hymns to Shattered Lights,The Paper Youth,Afrobeats,3:08,204,1/1/2000
Portrait of Final Storms,The Midnight Static,EDM,2:27,213,2/22/2004
Stories of Hidden Secrets,The Golden Fever,Afrobeats,3:25,3,6/18/2006
Tales from Sacred Flowers, Modern Society,Drill,2:02,158,3/3/2011
Portrait of Cold Storms, Plastic Machines,Country,3:31,192080,2/2/2014
Prayer for Slow Glass, Heavy Flowers,Trap,3:42,22860,2/15/2001
Fragments of Restless Gold,The Golden Lovers,Disco,4:17,32265,11/17/1997
Tales from Dark Faith,The Silent Ghosts,Techno,2:45,5,5/20/2011
Hymns to Distant Time,The Sacred Machines,Metal,4:14,162,4/10/2013
Songs for Heavy Snow, Dark Dreams,Alternative,2:45,2026,4/24/2006
Children of Young Hearts,TheGlass Strangers,Funk,3:45,1479,2/1/1998
Midnight in Heavy Blood,TheStatic Hearts,Drill,3:21,1,10/7/2002
Tales from Soft Bones, Silent Saints,Electronic,3:24,2300,10/21/2020
Fragments of Young Static,Modern Collective,Pop,2:07,19350,8/17/2006
Echoes of Wild Voices,The Lonely Fever,J-Pop,2:36,323,4/27/2014
Portrait of Lonely Blood,The Sacred Fire,Metal,3:38,133,5/19/2008
Children of Distant Static,TheFinal Static,Reggae,4:14,1454,12/21/2020
Letters to Distant Smoke,The Broken Hearts,Disco,2:41,218845,3/11/2012
Portrait of Distant Lights,TheBright Wolves,Hip-Hop,3:41,367,2/17/2013
Last Days of Slow Voices, Electric Static,Reggae,3:08,1958,11/22/2009
Tales from Static Rain,Young Strangers,R&B,2:45,8,12/9/2009
Ballad of Dark Ashes, Heavy Hearts,Indie,2:24,193479,11/1/2009
Portrait of Soft Lies,TheCrimson Static,Alternative,2:15,199626,7/9/2016
The Shape of Broken Mirrors,The Young Club,J-Pop,2:28,225,9/22/2004
Whispers of Slow Storms,TheCold Youth,Reggae,4:19,22,1/21/2012
Echoes of Velvet Sins,The Velvet Sinners,Ambient,2:58,20520,4/24/2024
Songs for Electric Fire,TheSoft Society,Funk,4:07,2,2/16/2017
Dreams of Shattered Night, Silent Society,Drill,2:23,344,2/2/1997
The Shape of Wild Bones, Plastic Shadows,Disco,2:32,2296,6/11/2020
Midnight in Shattered Silence,TheCold Machines,Reggae,3:10,42449,7/28/2007
Midnight in Electric Flames,The Lonely Empire,J-Pop,2:19,2,1/20/1996
Stories of Hollow Snow,Empty Cinema,Afrobeats,2:51,54706,10/25/2009
Hymns to Broken Blood,The False Kids,Country,3:48,21240,9/4/2014
Last Days of Electric Memories,The Restless Cinema,EDM,3:18,809,10/4/2000
Visions of Dark Lights,Hidden Fever,Funk,2:00,5227,11/13/2021
Fragments of Burning Faith,ThePaper Garden,Lo-Fi,2:42,16996,7/23/1999
Echoes of Silent Gold,The Young Lovers,Rock,3:26,990944,4/10/2010
Dreams of Cold Storms,The Feral Assembly,Techno,4:23,11,1/14/2009
Portrait of Neon Faith, Lonely Lovers,Lo-Fi,3:21,245779,5/14/1998
Dreams of Midnight Snow,TheHeavy Shadows,Trap,4:01,224319,3/4/2023
Songs for Midnight Machines,The Static Angels,Electronic,3:54,102006,7/10/2014
Whispers of Hollow Waves,The Wild Empire,Jazz,2:13,712,12/14/1998
Portrait of Slow Mirrors, Feral Saints,Soundtrack,3:08,8,2/5/2022
Letters to Broken Signals,The Empty Static,K-Pop,2:42,20433,7/15/2018
Dreams of Velvet Memories, Final Echoes,Folk,2:44,81,4/27/2014
Tales from Broken Sins,The Restless Lovers,Hip-Hop,4:29,38164,7/8/1996
Echoes of Final Hope, Silent Ghosts,Hip-Hop,3:28,4,8/14/1992
The Shape of Crimson Echoes,Neon Society,Soul,3:20,294751,3/2/2013
Prayer for Crimson Bones,The Lonely Echoes,Afrobeats,3:55,8,10/10/2023
Children of Neon Lights,The Velvet Dreams,Hip-Hop,2:50,13678,11/21/1990
Notes from Hollow Faith,The Young Choir,Punk,3:24,1,3/27/1998
Echoes of Soft Dust,The Midnight Cinema,R&B,4:10,101780,11/13/2014
Requiem for Fading Fire,The Dark Ghosts,Techno,3:53,43,3/28/2007
Prayer for Electric Ashes, Crimson Ghosts,Metal,4:21,6472,9/21/1998
Tales from Final Snow, Wild Flowers,Country,3:56,160,7/12/2017
Children of Crimson Secrets, Paper Strangers,Trap,3:35,87,8/14/2003
Hymns to Bright Hope,The Heavy Ghosts,Punk,3:22,397,5/24/2005
Dreams of Midnight Mirrors,Bright Lovers,House,3:06,1908,9/9/2020
Notes from Neon Storms,The Midnight Hearts,K-Pop,4:20,17865,11/4/2014
Last Days of Velvet Sins,The Crimson Wolves,J-Pop,2:33,796363,4/23/1998
Songs for Endless Smoke,Electric Dreams,Soul,3:23,2,6/19/1999
Ballad of Empty Rivers,Dark Flowers,R&B,3:18,343139,8/14/2017
Stories of Heavy Bones,Dark Empire,Blues,3:57,113426,3/15/1996
Ballad of Young Youth,Feral Society,Funk,3:48,10786,7/4/2024
Echoes of Wild Silence,Dark Static,Jazz,3:43,8,11/3/2009
Children of Soft Rivers,Neon Wolves,Electronic,3:02,158,7/12/2008
Dreams of Restless Silence, Restless Dreams,Afrobeats,3:20,132903,10/21/2013
The Shape of Lonely Faith,Neon Flowers,Lo-Fi,2:31,4241,9/24/2004
Visions of Sacred Signals, Neon Fever,Soundtrack,2:56,2497,1/10/2002
Echoes of Empty Shadows, Cold Ghosts,Country,3:41,9,12/18/2010
Whispers of Shattered Lights,The Modern Wolves,R&B,4:24,8659,8/9/2010
Visions of Hidden Blood,The Endless Choir,Country,3:15,10,3/18/2004
Portrait of Final Flowers,Crimson Flowers,Drill,4:28,24,5/28/2021
Ghosts of Broken Ashes,The Sacred Garden,Blues,3:49,51345,12/11/2021
Letters to Distant Silence,TheFeral Society,Soul,3:03,12617,9/22/1996
Requiem for Midnight Echoes,The Holy Machines,Punk,4:06,2,2/20/2001
Portrait of Empty Truth,TheVelvet Assembly,R&B,3:04,43,10/28/2002
Prayer for Heavy Static,Broken Sinners,Trap,2:54,7,3/3/2021
Hymns to Sacred Fire,The Feral Empire,J-Pop,3:53,1068,6/14/2020
Children of Wild Hope,Electric Shadows,Blues,3:26,8483,2/28/2020
Portrait of Slow Waves,The Modern Cinema,Classical,3:25,395,6/1/2003
Children of Burning Snow, Soft Assembly,Alternative,2:16,1787,4/21/1995
Whispers of Bright Truth,TheFeral Wolves,Country,4:12,2,11/21/2024
Songs for Empty Static, Young Collective,Disco,3:45,1612,3/6/2009
Notes from Forgotten Shadows,The Electric Strangers,Disco,2:18,1885,1/17/2007
Stories of Fading Rivers,TheMidnight Flowers,Metal,3:10,39,8/10/2004
Midnight in Fading Blood,The Hidden Assembly,Classical,2:54,15608,8/5/2005
Stories of Forgotten Rain,Broken Collective,House,3:56,194357,3/25/2018
Notes from Midnight Storms,TheSoft Collective,House,2:14,2,4/2/2015
Portrait of Static Smoke,The Glass Youth,Funk,2:03,72,2/3/2005
Echoes of Burning Mirrors,Holy Club,Pop,2:21,14877,3/4/2013
Stories of Empty Hearts,TheSilent Flowers,Pop,2:49,1978,9/3/2005
Ghosts of Midnight Sins, Broken Flowers,House,4:16,174121,11/13/2010
Visions of Electric Lies,TheVelvet Lovers,Jazz,4:05,138566,5/9/1996
Portrait of Shattered Dreams, Cold Cinema,Lo-Fi,3:30,25,3/8/1997
Last Days of Burning Stars,The Crimson Collective,Soundtrack,3:14,3,8/5/2009
Notes from Young Smoke,Endless Fever,Drill,3:12,23810,1/13/1997
Midnight in Wild Waves,The Hidden Machines,EDM,3:48,901,5/14/2002
Midnight in Shattered Dreams,The Silent Hearts,Techno,2:09,2,8/22/2022
Visions of Neon Echoes, Wild Dreams,Indie,3:16,37669,9/8/2002
Stories of Fading Lies,The Restless Society,Funk,2:58,242,9/13/2024
Prayer for Sacred Shadows,The Paper Fire,Soul,2:08,32074,2/16/2015
Tales from Slow Waves, Golden Lovers,Indie,3:47,15712,1/3/2019
Fragments of Endless Youth,The Dark Angels,Afrobeats,4:11,124,3/19/2011
Echoes of Wild Hope, Golden Static,Disco,2:15,11234,7/23/2013
Stories of Wild Flowers,The Sacred Voices,Lo-Fi,4:12,10,5/18/2004
Fragments of Golden Static,Velvet Fever,Trap,2:34,4,12/22/2019
Echoes of Crimson Flames,Bright Machines,Electronic,2:01,5,10/6/2011
Notes from Sacred Flowers,The Velvet Club,House,2:41,2305,6/17/2011
Songs for Cold Blood,The Wild Youth,Country,3:31,10,12/25/2014
Stories of Burning Glass,The Empty Sinners,Techno,3:32,9,2/16/2003
Songs for Endless Dreams,The Velvet Garden,Drill,3:52,61,8/6/2000
Ballad of Restless Rivers,Feral Garden,Metal,2:53,1009,3/26/2001
Notes from Golden Mirrors, Wild Ghosts,K-Pop,2:32,4150,7/22/2009
Whispers of Distant Truth, Empty Empire,House,3:27,24706,2/9/2006
Stories of Wild Stars, Heavy Mirrors,Soul,2:54,228962,2/12/2023
Midnight in Distant Rain,TheEndless Collective,Funk,3:50,211960,4/10/2013
Echoes of Distant Smoke,The Feral Youth,Electronic,2:48,55441,11/24/2024
Stories of Cold Snow,TheDark Hearts,Trap,4:06,35,7/3/2002
Ghosts of Hidden Lies,The Lonely Shadows,Hip-Hop,3:44,891445,5/26/2014
Echoes of Young Fever,The Glass Youth,Lo-Fi,4:30,848,5/20/2013
Visions of Young Shadows,The Broken Hearts,R&B,3:40,1,2/20/1996
Last Days of Dark Memories,TheLonely Dreams,K-Pop,3:09,3,11/28/2001
Midnight in Lonely Memories, Static Flowers,Metal,3:24,841,8/16/2018
Portrait of Bright Skies,The Broken Sinners,House,2:10,10,2/7/2018
Letters to Forgotten Gold,Hidden Wolves,Disco,3:03,548,4/27/2002
Hymns to Young Gold,TheYoung Assembly,Electronic,2:11,16,12/26/2010
Letters to Hollow Night,TheSoft Garden,Electronic,3:51,9,4/22/2024
Tales from Final Bones,TheEndless Sinners,Country,3:58,3,12/11/2000
Ghosts of Distant Youth, Crimson Lovers,Disco,4:12,922,12/24/2018
Notes from Endless Fever,TheSilent Saints,Metal,3:29,159,12/14/2001
Songs for Slow Echoes,The False Collective,Jazz,4:17,367,6/1/2006
Echoes of Neon Truth,The Static Echoes,Reggae,4:30,1752,5/26/2018
The Shape of Fading Fire,The Feral Strangers,Disco,3:23,174543,6/18/2000
Songs for Endless Waves,TheSacred Saints,Reggae,2:32,325,3/9/2020
Notes from Distant Memories,The Hidden Fever,Latin,2:52,5,6/6/2001
Prayer for Silent Blood, Neon Society,Funk,2:28,48821,1/22/2023
Children of Distant Skies,The Empty Signals,Hip-Hop,2:26,67,5/12/2008
Songs for Neon Time,TheStatic Collective,Funk,3:17,136,8/19/2021
Last Days of Final Rain, Heavy Saints,Electronic,2:40,71664,7/17/2023
Children of Distant Hearts,The Empty Strangers,Soul,4:03,74,7/2/2003
Ghosts of Silent Flowers,The Bright Hearts,Blues,3:22,65,10/1/2022
Requiem for Lonely Blood,The Silent Assembly,R&B,2:18,872478,7/26/2002
Children of Soft Bones,The False Ritual,Disco,4:16,654001,5/6/2006
Visions of Bright Dreams,TheMidnight Ritual,Folk,2:36,101208,9/7/2011
The Shape of Restless Signals,The Broken Hearts,J-Pop,2:54,321485,2/7/2011
Songs for Endless Shadows,Young Dreams,Trap,2:54,5147,7/1/1999
Last Days of Hollow Rain, Midnight Sinners,Rock,3:11,45,11/17/2024
Stories of Dark Glass,TheRestless Angels,Punk,2:44,346,7/15/2003
Stories of Endless Truth,Midnight Angels,Lo-Fi,3:58,10,4/9/2000
Tales from Cold Storms,The Static Youth,Drill,3:54,9,5/25/2015
The Shape of Electric Rain, Wild Echoes,Metal,3:59,795206,4/1/2003
Stories of Wild Voices,The Empty Dreams,Metal,4:11,136,2/22/2012
Notes from Shattered Signals,The Velvet Fever,Classical,3:59,1455,5/15/1995
Portrait of Sacred Stars,The Final Static,R&B,2:20,286019,3/7/2021
Ballad of Restless Rain,ThePaper Hearts,Soundtrack,3:55,2,4/2/1996
Portrait of Heavy Gold,The Glass Lovers,Funk,2:06,472763,10/19/2020
Fragments of Lonely Gold, Neon Shadows,Country,3:24,352048,6/4/2006
Portrait of Slow Flames, Dark Echoes,Drill,2:24,1378,1/25/2023
Visions of Soft Hearts,TheModern Youth,K-Pop,3:44,37,12/16/1998
Visions of Fading Eyes, Heavy Ghosts,Soundtrack,2:25,53365,11/25/2013
Last Days of Final Lights, Bright Collective,Rock,3:49,349191,10/25/2016
Visions of Neon Voices, Soft Mirrors,Disco,4:01,11298,6/17/2010
Ghosts of Broken Sins,ThePlastic Garden,Ambient,2:57,122332,5/4/2013
Letters to Neon Echoes,The Cold Sinners,Folk,3:39,2,3/20/2006
Midnight in Heavy Rain,TheBroken Club,Latin,3:36,34104,7/6/2007
Children of Final Hearts,The Hidden Kids,Latin,3:17,41786,6/9/2007
Tales from Final Snow, Final Cinema,R&B,4:04,1,9/15/2012
Echoes of Empty Memories, Glass Wolves,Soul,3:16,101858,6/26/1996
The Shape of Endless Eyes,The Silent Choir,Blues,4:17,369441,3/4/2018
Ghosts of Dark Lies,Endless Garden,Drill,4:00,23,1/2/2012
Last Days of Wild Silence,The Feral Signals,Metal,3:49,254,3/10/2014
Last Days of Endless Rivers, Hidden Hearts,R&B,2:07,26,5/24/2022
Tales from Crimson Gold,Modern Wolves,Soul,4:24,106857,10/11/2003
Echoes of Final Stars,The Golden Hearts,Soundtrack,2:58,505666,9/13/2013
Stories of Sacred Gold,The Restless Garden,Lo-Fi,2:26,7,3/24/2014
Requiem for Endless Rivers,Golden Club,Folk,3:09,38,3/6/2003
Prayer for Soft Lies,The Hidden Static,Metal,4:02,58680,11/6/1995
Portrait of Endless Time,The Hidden Voices,Blues,4:09,32,8/2/1999
Dreams of Burning Flames,The Golden Assembly,Trap,3:43,27,10/7/2003
Notes from Young Glass,TheElectric Voices,R&B,3:27,201361,11/24/1995
Midnight in Wild Rivers, Final Dreams,EDM,2:39,64,1/16/2023
Midnight in Distant Machines, Endless Mirrors,Rock,3:39,20554,9/12/2022
Requiem for Velvet Hearts,The Velvet Signals,Pop,4:22,85125,10/17/2020
Visions of Hidden Night,The Restless Saints,Punk,4:16,23,12/3/2000
Fragments of Slow Sins,Cold Youth,R&B,2:01,44,4/12/2024
Tales from Distant Lights,TheYoung Sinners,Reggae,2:41,7493,2/15/2021
Songs for Sacred Silence,The Sacred Shadows,Punk,2:17,79389,5/8/2013
Children of Electric Ashes,The Restless Dreams,Blues,4:27,86,1/3/1999
Dreams of Velvet Blood, Endless Ghosts,Electronic,4:29,6,1/8/2008
Requiem for Wild Secrets,TheCrimson Hearts,Soul,4:20,2,12/23/1996
Children of Hollow Night,The Soft Flowers,Trap,3:58,1003,10/28/2017
Children of Lonely Blood,The Young Angels,Blues,4:03,869054,1/15/2014
Midnight in Crimson Hope,The Glass Echoes,Blues,3:35,32,3/12/1997
Hymns to Young Machines, Lonely Wolves,K-Pop,4:20,158213,11/1/2020
Stories of Broken Machines,Plastic Club,Afrobeats,3:17,696785,11/12/2016
Notes from Shattered Voices,The Soft Angels,R&B,2:28,886421,10/1/2018
Letters to Cold Truth,TheBroken Saints,Soundtrack,3:58,2433,6/4/2006
Letters to Endless Bones,The Final Hearts,J-Pop,2:47,174,12/16/2014
Songs for Distant Ashes,TheCold Garden,Hip-Hop,3:23,69,11/8/1995
Midnight in Broken Storms, Glass Static,Latin,3:20,20,2/9/2014
The Shape of Cold Truth,TheHoly Signals,Funk,4:17,6,5/24/2010
Ghosts of Velvet Shadows,TheBright Ghosts,Disco,3:46,26,5/3/1995
Hymns to Crimson Rain,Feral Ghosts,Trap,2:54,4657,2/19/2003
Notes from Shattered Snow,The Empty Mirrors,Soul,3:32,511,11/23/2012
Notes from Final Youth, Static Club,Folk,2:58,148475,2/19/2016
Visions of Young Static,Endless Club,Afrobeats,4:26,447206,4/26/2013
Dreams of Neon Voices,TheElectric Fever,Jazz,3:33,42537,9/9/2023
Whispers of Distant Youth,The Silent Youth,Blues,3:28,17,3/14/2000
Portrait of Sacred Lights,The Sacred Assembly,Lo-Fi,2:18,363,11/21/2004
Tales from Restless Fire, Endless Youth,K-Pop,2:25,531723,4/12/2001
Last Days of Silent Mirrors, Empty Club,Funk,3:47,147258,6/5/2007
Prayer for Slow Blood,The Broken Club,J-Pop,2:53,34,6/20/1996
Children of Dark Bones, Restless Hearts,Alternative,4:10,120,11/7/2009
Echoes of Hollow Truth,ThePaper Static,J-Pop,3:47,16,4/19/1998
Fragments of Dark Signals,TheRestless Ritual,Metal,2:03,3401,4/16/2009
Last Days of Fading Flames,Neon Hearts,Folk,3:01,17968,11/28/2001
Whispers of Fading Waves,TheSoft Shadows,Folk,3:40,10,1/19/1997
Last Days of Lonely Fire,Velvet Cinema,Latin,3:32,21614,8/2/2002
Fragments of Soft Faith,TheBroken Choir,Electronic,2:04,22,7/25/2012
Midnight in Electric Mirrors,The Holy Machines,Drill,3:11,494881,9/9/2007
Ballad of Endless Flames,The Neon Kids,Techno,2:50,12,6/13/2023
Echoes of Final Dust,The Bright Choir,Soundtrack,3:26,61,3/9/2022
Last Days of Broken Stars,The Cold Strangers,Hip-Hop,4:18,2159,2/25/2019
Stories of Electric Glass,Wild Ghosts,Drill,2:56,33,10/11/2000
Stories of Velvet Hearts, Silent Kids,Techno,4:07,5,7/16/2012
Ghosts of Burning Youth, False Fire,J-Pop,4:08,26,4/10/2002
Songs for Sacred Rivers,The Holy Shadows,Jazz,2:33,274,11/7/1997
Tales from Lonely Glass,The Paper Empire,Reggae,2:53,27815,7/18/2009
Fragments of Bright Mirrors, Dark Choir,Pop,3:50,77,3/7/2016
Portrait of Hidden Waves, Velvet Assembly,Punk,2:31,145180,9/19/2014
Prayer for Heavy Mirrors,Feral Saints,Punk,2:25,3,4/19/1997
Visions of Hollow Eyes,The Sacred Kids,Disco,2:21,3,2/6/2016
Ballad of Midnight Skies,The Paper Youth,J-Pop,3:47,417640,2/20/2008
Dreams of Wild Signals,The Midnight Fire,Country,2:51,555622,6/15/2024
Children of Young Time,The Silent Saints,Soul,3:19,176141,2/23/2021
Songs for Young Waves,TheBright Sinners,Punk,3:41,2832,11/18/2009
Tales from Hidden Lights,The Empty Shadows,EDM,2:34,758,1/24/2004
Whispers of Cold Signals,Heavy Strangers,Funk,3:12,672666,2/20/2020
The Shape of Fading Secrets,The Sacred Fire,Jazz,2:14,39594,2/28/2008
Notes from Distant Truth, Plastic Collective,Country,2:20,9,12/14/2022
Last Days of Empty Fever, Wild Choir,Latin,2:17,37889,8/4/2001
Dreams of Bright Stars, Heavy Static,K-Pop,3:22,317426,9/27/2021
The Shape of Midnight Ashes,The Soft Ritual,R&B,3:38,81,1/24/1999
Dreams of Lonely Stars,TheModern Empire,Pop,3:25,9961,9/25/2006
Songs for Heavy Dreams,TheModern Garden,Electronic,2:49,21,5/7/2015
Dreams of Forgotten Storms, Endless Lovers,Reggae,3:28,34235,8/12/2012
Hymns to Static Echoes,The Endless Fire,Blues,3:22,19,1/9/2023
Songs for Electric Hope,The Final Ghosts,Trap,3:41,28572,7/1/1995
Children of Crimson Dust, Bright Fire,Blues,3:31,42383,4/9/2011
Echoes of Hollow Shadows,TheHeavy Collective,Hip-Hop,3:22,581,5/27/2022
Songs for Endless Ashes,TheLonely Strangers,Punk,2:36,2198,1/22/2022
Ballad of Midnight Ashes,TheHeavy Angels,Lo-Fi,2:05,25405,7/12/2010
Ghosts of Broken Shadows,TheStatic Fire,Blues,4:01,59,6/14/2023
Stories of Hollow Faith,The Broken Static,Metal,3:27,5,2/11/2016
Ghosts of Golden Secrets,Neon Ghosts,Hip-Hop,4:24,17337,7/28/2004
Fragments of Dark Voices,Lonely Sinners,K-Pop,2:19,13221,8/27/2006
Notes from Endless Rain,The Electric Angels,Reggae,2:08,60916,7/16/1997
Notes from Neon Shadows,The Paper Garden,Latin,3:06,13,5/19/2011
Children of Bright Youth, Feral Choir,Afrobeats,3:40,3844,4/20/2017
Requiem for Crimson Ashes,Glass Static,EDM,3:37,735,10/25/2011
Hymns to Velvet Night,The Endless Static,Soul,4:28,1,12/14/1995
Dreams of Dark Bones,The Plastic Signals,Reggae,2:33,697,11/3/2022
Requiem for Empty Waves, Endless Cinema,Metal,2:12,2755,7/28/1999
Last Days of Electric Truth,The Bright Empire,Techno,2:10,69,3/17/2006
Requiem for Velvet Storms,TheBright Strangers,Blues,4:30,3,1/25/1997
Hymns to Final Hearts,The Endless Wolves,Ambient,4:29,919,4/25/2014
Songs for Neon Skies,The Heavy Ghosts,Country,3:44,117829,3/5/2010
Dreams of Distant Lies,TheEmpty Angels,Folk,2:03,2,8/8/2013
Tales from Burning Lies,The Electric Youth,Classical,2:01,49,5/27/1995
Portrait of Restless Skies,TheStatic Flowers,Afrobeats,3:00,2474,8/12/2001
Echoes of Endless Waves,The Wild Sinners,Folk,3:05,4453,3/25/1998
Midnight in Burning Night, Soft Sinners,House,2:41,354,3/9/2001
Prayer for Young Flowers, Electric Choir,Electronic,2:12,6264,10/20/2008
Echoes of Lonely Secrets, Static Choir,Punk,3:00,943,12/4/2016
Hymns to Distant Glass,The Silent Shadows,Lo-Fi,3:18,16415,10/8/2024
Echoes of Velvet Signals,The Neon Hearts,Punk,3:57,1860,11/14/2024
Echoes of Silent Lies, Dark Assembly,Trap,2:19,185,11/2/2004
Ghosts of Static Echoes,TheMidnight Youth,Reggae,3:29,11702,7/11/2022
Portrait of Wild Smoke,The Static Fever,Folk,3:41,584,4/22/2008
Ghosts of Cold Waves, False Society,Funk,2:09,8,2/7/1995
Visions of Hollow Snow, Hidden Saints,Country,2:35,48267,7/12/2019
Fragments of Cold Silence, Plastic Mirrors,K-Pop,3:08,14,9/5/1999
Letters to Wild Hearts,The Paper Mirrors,Reggae,2:28,2,12/19/2020
Echoes of Crimson Echoes,The Restless Wolves,Afrobeats,4:09,61728,10/7/2021
Midnight in Endless Machines,Golden Club,Rock,2:24,165233,7/8/2016
Portrait of Young Rivers,The Lonely Ghosts,K-Pop,2:29,128935,8/17/2012
Songs for Electric Snow, False Static,Ambient,3:20,6,9/7/2019
Echoes of Soft Truth,TheFalse Wolves,Afrobeats,3:01,63,12/24/2014
Notes from Fading Hearts, Crimson Wolves,R&B,2:43,1,7/7/2010
Visions of Broken Eyes, Broken Kids,Disco,2:32,11,6/24/2001
Hymns to Dark Storms,Crimson Signals,Folk,3:04,64,2/26/2008
Songs for Hollow Machines,The Crimson Fire,Country,2:56,654123,4/12/2001
Letters to Golden Glass,The Holy Society,Lo-Fi,3:27,3,5/1/2009
Whispers of Hollow Mirrors,The Wild Wolves,R&B,3:25,315034,7/22/2012
Stories of Lonely Time, Glass Garden,Funk,2:01,198565,4/11/2022
Echoes of Golden Rain,Modern Garden,Blues,3:37,4505,12/22/1996
Hymns to Restless Hearts,The Final Kids,Classical,2:31,5,2/18/2006
The Shape of Endless Flowers,TheFalse Voices,EDM,2:00,31,3/20/2019
Letters to Dark Night,The Neon Sinners,EDM,3:03,10,11/13/2005
Portrait of Forgotten Rivers,TheBroken Assembly,Metal,3:13,21673,3/26/2005
Echoes of Hollow Flowers, False Static,Alternative,4:28,2,9/26/2016
Echoes of Cold Flames,Dark Hearts,Latin,2:22,382,11/3/1998
Portrait of Dark Rain,TheFeral Ghosts,Latin,4:03,59,6/5/2014
Last Days of Young Eyes,TheHoly Choir,Drill,4:15,6,4/18/2006
Portrait of Empty Stars,The Heavy Machines,Soul,2:42,5,5/18/2013
The Shape of Slow Time, Bright Garden,Indie,3:22,54485,5/14/2017
Midnight in Empty Bones,The Feral Ritual,Afrobeats,2:10,4,7/26/1996
Notes from Heavy Blood, Empty Society,Alternative,4:10,1,5/7/1999
Requiem for Forgotten Sins,TheHeavy Club,Funk,4:10,138218,3/24/2018
Midnight in Dark Night,The Paper Shadows,House,2:13,138399,7/20/2018
Midnight in Hollow Fever,ThePaper Ghosts,Afrobeats,3:00,8,10/22/2022
Tales from Broken Night,Static Youth,Classical,2:55,447,9/9/2012
Tales from Sacred Flames, Silent Lovers,Alternative,3:58,9574,11/28/2020
Letters to Forgotten Hope,The Heavy Flowers,J-Pop,2:36,6898,10/10/2005
Notes from Velvet Hope, Plastic Empire,Disco,3:33,28,3/23/2011
Fragments of Soft Rain,Plastic Wolves,Electronic,3:57,12552,8/19/2018
Ballad of Hollow Gold,TheHidden Society,Techno,4:10,88586,12/13/2021
Requiem for Golden Signals,The Golden Cinema,Disco,2:16,2273,1/28/2002
Prayer for Shattered Smoke,The Electric Saints,Pop,2:07,383,4/15/2014
Fragments of Forgotten Glass,The Final Wolves,Drill,2:33,5533,1/5/2014
Dreams of Velvet Shadows, Sacred Hearts,Trap,4:25,184069,3/12/1999
Ghosts of Forgotten Glass, Lonely Garden,House,2:19,214521,4/19/2001
Portrait of Hidden Time,The Restless Fire,Electronic,4:20,44,1/19/2004
Dreams of Wild Ashes,Sacred Ghosts,Indie,4:23,3354,8/28/2019
Portrait of Midnight Lights,The Lonely Static,Lo-Fi,2:12,1,11/16/1996
Stories of Distant Waves,TheMidnight Garden,Drill,3:37,492,8/3/2009
Midnight in Restless Hearts,TheHidden Wolves,Funk,4:06,16196,12/25/1995
Visions of Restless Fire,Young Garden,J-Pop,3:52,2,4/13/1996
Echoes of Lonely Truth,The Wild Ghosts,Jazz,3:15,11998,5/17/2016
Echoes of Crimson Dust,Modern Signals,Pop,2:01,330030,1/11/2010
Songs for Young Smoke,ThePaper Ritual,Soundtrack,3:33,636,5/26/1995
Hymns to Wild Youth,Young Echoes,Blues,3:16,14389,4/5/2017
Notes from Heavy Mirrors,The Electric Cinema,Trap,4:24,31473,9/28/2017
Visions of Electric Time, Feral Signals,Soul,3:05,149,12/14/2001
Whispers of Fading Stars, Neon Ghosts,Jazz,3:05,1069,2/28/2018
Prayer for Lonely Hope, Feral Society,Funk,4:11,348,5/1/1997
Requiem for Heavy Memories, Glass Strangers,Hip-Hop,3:40,10,7/3/2022
Dreams of Fading Flames,TheEmpty Cinema,Punk,3:36,535,5/20/1998
Children of Golden Fever,The Midnight Garden,Disco,4:04,379976,5/22/2000
Prayer for Crimson Hearts, Silent Saints,Afrobeats,4:18,891,7/17/2016
Requiem for Young Memories,TheCold Ghosts,Soundtrack,4:11,1742,7/4/2011
Stories of Empty Flames,The Bright Static,Metal,2:13,1142,3/13/2013
Portrait of Dark Glass,The Holy Fever,Reggae,2:03,7370,12/23/2012
Echoes of Velvet Fire,TheStatic Cinema,Hip-Hop,2:53,148972,11/5/2024
Fragments of Final Gold, Cold Flowers,Drill,4:09,4940,8/23/2016
Prayer for Silent Shadows,The Plastic Garden,EDM,2:14,1865,1/9/1998
Last Days of Electric Static,The False Kids,Ambient,3:10,11777,12/1/2010
Last Days of Wild Sins, Neon Mirrors,Punk,3:27,70473,11/13/1995
Tales from Crimson Voices, Empty Sinners,Disco,3:24,15,2/7/2003
Letters to Electric Lights, Crimson Choir,Disco,3:01,2450,11/26/2007
Letters to Broken Flowers,Plastic Shadows,Hip-Hop,4:23,616,3/14/2006
Visions of Sacred Machines,The Crimson Fire,Jazz,2:28,2664,9/18/2018
Whispers of Crimson Lights,The Broken Assembly,Electronic,2:42,7,7/20/2019
Requiem for Heavy Youth,TheFalse Cinema,Rock,3:52,21730,7/15/2014
Prayer for Hidden Lies,The Bright Mirrors,Reggae,2:20,21,3/5/2023
Midnight in Burning Dust, False Club,Afrobeats,3:08,3049,1/11/2011
Fragments of Fading Faith, Golden Machines,Jazz,4:07,12,8/6/2023
Songs for Sacred Skies, Golden Flowers,Afrobeats,2:47,27,11/8/2018
Portrait of Restless Rivers,Wild Fever,Afrobeats,3:45,832,3/16/2018
Midnight in Broken Skies,Sacred Static,Electronic,2:02,5380,2/24/2000
Stories of Broken Blood,The Wild Youth,Metal,4:12,2,2/14/1996
Fragments of Golden Echoes,TheBroken Strangers,Jazz,2:45,38371,2/28/2006
Dreams of Fading Memories,Soft Signals,Lo-Fi,2:00,8157,4/10/2022
Stories of Cold Flowers, Feral Saints,Metal,2:07,193,9/5/2019
Midnight in Restless Echoes,The Restless Machines,Disco,2:49,16139,11/6/2004
Hymns to Final Mirrors,The Golden Shadows,Funk,3:57,286,4/17/1998
The Shape of Cold Shadows,Glass Strangers,Hip-Hop,2:54,1,3/16/2008
Whispers of Sacred Snow,Paper Signals,Soul,3:29,1,10/14/2004
Songs for Electric Hope,The Heavy Club,Alternative,4:03,693,11/20/2000
The Shape of Wild Blood,Glass Echoes,Rock,4:22,44082,2/24/1999
Whispers of Young Hearts, Bright Shadows,House,2:59,849,2/4/2001
Midnight in Heavy Skies,The Crimson Dreams,Drill,3:10,13071,6/21/2004
Ghosts of Crimson Echoes,The Sacred Flowers,Country,2:20,14180,6/14/2018
Whispers of Wild Dust, Wild Static,Techno,2:27,8,6/14/2023
Dreams of Wild Snow,Neon Voices,R&B,4:07,3281,7/23/2011
Children of Crimson Dust,Static Assembly,Afrobeats,3:39,15183,11/27/2021
Prayer for Cold Rain,The Broken Empire,Alternative,2:33,27932,4/17/2007
Notes from Fading Sins,Plastic Assembly,Funk,3:26,2024,10/12/2005
Letters to Distant Hearts, Hidden Fire,Funk,4:21,31292,11/2/2011
Ghosts of Dark Gold,The Broken Fever,R&B,3:04,12,5/5/2001
Whispers of Hidden Gold, Wild Assembly,Lo-Fi,3:52,759041,5/17/2002
Ballad of Heavy Fever,Electric Empire,Country,3:59,29,3/7/1996
Songs for Empty Eyes,The Heavy Angels,R&B,2:37,135,9/2/2016
Ghosts of Sacred Waves,The Soft Shadows,Latin,3:42,2043,1/14/2017
Hymns to Silent Echoes, Glass Cinema,Pop,4:01,23228,3/17/2015
Prayer for Empty Smoke, Midnight Society,Jazz,3:20,402,9/8/1996
Visions of Young Glass,The Lonely Angels,R&B,3:07,1,4/10/2014
Last Days of Soft Fever,Modern Club,Latin,3:09,3608,8/24/2023
Songs for Hidden Blood,Cold Empire,Metal,3:14,11,3/9/2013
Children of Velvet Secrets,The Wild Assembly,Folk,3:01,561463,8/22/2013
Dreams of Dark Shadows, Empty Cinema,Folk,2:43,67167,12/6/1998
Portrait of Wild Bones,TheGolden Lovers,Hip-Hop,2:50,55,7/4/1994
Portrait of Final Dreams,TheRestless Collective,Ambient,3:32,2,1/23/2007
Portrait of Crimson Hearts,Crimson Wolves,House,3:16,4,6/13/1998
Prayer for Velvet Ashes,Feral Sinners,Trap,4:12,210,6/18/2000
Children of Wild Secrets,The Heavy Shadows,Hip-Hop,3:44,158814,6/12/1993
Fragments of Fading Youth,The Hidden Wolves,Disco,3:03,3,10/28/2008
Ballad of Dark Static,The Silent Sinners,Reggae,3:00,50,3/13/2005
Children of Heavy Secrets, Young Assembly,Alternative,3:50,171,3/15/1995
Ghosts of Neon Sins,The Empty Cinema,Rock,3:53,125481,7/7/2014
Hymns to Fading Flames,The Golden Angels,Disco,2:33,4672,10/1/2014
Notes from Silent Eyes, Empty Society,Folk,2:47,684136,9/22/2005
Requiem for Hidden Gold,The Static Garden,Funk,2:03,66967,7/1/2014
Visions of Endless Truth, Sacred Flowers,Drill,4:13,6954,6/10/1997
Last Days of Endless Silence,The Electric Machines,K-Pop,2:58,25273,10/23/1999
Ghosts of Electric Skies,Glass Machines,Afrobeats,3:37,95030,9/23/2009
Songs for Forgotten Flowers,TheFalse Youth,Lo-Fi,2:17,162760,7/6/1998
Portrait of Empty Ashes,TheModern Shadows,Lo-Fi,4:06,85132,1/24/2015
Whispers of Silent Rain,Holy Garden,Jazz,4:05,833,1/19/2021
Requiem for Distant Truth, Young Machines,Pop,4:10,96,4/13/2024
Fragments of Dark Skies, Empty Hearts,Classical,4:16,110498,7/3/2005
Fragments of Crimson Dust, Young Static,Soundtrack,3:39,122,3/12/2014
Ghosts of Velvet Lies,The Sacred Garden,Indie,3:46,20,11/14/1996
Visions of Midnight Silence,TheBroken Kids,Rock,2:00,2,5/21/1999
Songs for Young Sins,TheNeon Club,K-Pop,2:42,60330,6/11/2002
Portrait of Endless Ashes, Bright Club,Country,2:30,106744,9/1/2005
Prayer for Velvet Blood, Glass Static,Jazz,2:42,432,7/16/2014
Midnight in Heavy Static,TheFinal Collective,Afrobeats,3:17,4,10/7/2006
Ballad of Endless Lights,TheCrimson Choir,EDM,4:15,3,11/28/2002
Visions of Restless Silence,The Sacred Wolves,Lo-Fi,2:10,409,7/13/2007
Songs for Soft Machines,TheLonely Choir,Jazz,3:48,2,7/15/2019
Midnight in Dark Flames,TheSilent Machines,Drill,3:15,6508,11/28/1997
Prayer for Bright Memories,Heavy Ghosts,Rock,3:13,417326,2/26/2013
Ghosts of Silent Storms, Restless Wolves,Techno,3:18,2,11/6/1997
Stories of Neon Lies,The Golden Assembly,K-Pop,4:19,220301,5/28/2010
Prayer for Fading Lies, Restless Garden,House,3:18,2,4/26/2024
Stories of Broken Memories,The Hidden Signals,House,2:12,183736,3/4/2013
Fragments of Broken Flames,TheElectric Dreams,Classical,2:03,695,8/17/2011
Notes from Crimson Waves,The Broken Hearts,Blues,2:08,7668,1/8/1997
Ghosts of Hidden Stars, Velvet Sinners,Folk,2:39,1,5/9/2018
Dreams of Hollow Secrets, Young Ghosts,Indie,2:17,70673,1/12/2004
The Shape of Dark Sins,The Broken Wolves,Electronic,2:52,11,4/16/2018
Portrait of Velvet Voices,Golden Empire,Afrobeats,3:45,194,7/20/2003
Notes from Cold Hope,TheModern Society,Drill,3:00,51685,9/27/1997
Fragments of Dark Skies,TheYoung Strangers,Afrobeats,2:59,16039,6/13/2006
Children of Midnight Hearts,TheVelvet Shadows,Classical,2:14,12,2/20/2011
Echoes of Hollow Memories,TheElectric Signals,Punk,3:17,44,2/8/2010
Portrait of Hollow Rivers,ThePlastic Mirrors,Metal,4:05,2854,2/16/2024
Ghosts of Broken Mirrors,TheSoft Assembly,Reggae,2:41,176780,3/16/2010
Ghosts of Young Gold,The Restless Sinners,Rock,3:48,1069,12/19/2010
Last Days of Forgotten Echoes,TheRestless Dreams,Indie,2:16,92,4/12/2006
Last Days of Heavy Snow,The Glass Fever,Latin,2:54,614850,8/18/2012
Prayer for Hidden Stars,TheDark Youth,K-Pop,3:15,22713,1/16/2022
Requiem for Soft Truth,TheFeral Ritual,Folk,3:55,4974,12/12/2021
Requiem for Slow Snow, Golden Dreams,J-Pop,3:52,104,1/18/2012
Portrait of Distant Echoes,TheYoung Flowers,J-Pop,3:21,114066,3/24/2012
Requiem for Hollow Skies, Modern Club,Classical,3:53,4093,1/4/2016
Hymns to Broken Static,The Electric Assembly,House,2:12,12,3/7/2017
Letters to Endless Gold,The Bright Voices,Country,4:00,780089,8/23/2012
Midnight in Shattered Flames,The Young Collective,Techno,2:15,89,4/19/2024
Ghosts of Endless Waves,The Wild Voices,Blues,3:26,23,1/12/2006
Echoes of Bright Waves,TheEmpty Strangers,Punk,2:37,4,9/4/2021
Songs for Forgotten Signals,Electric Society,Metal,2:37,973989,9/15/2007
Hymns to Dark Youth, Soft Youth,Drill,4:16,31728,10/10/2008
Songs for Young Glass,The Holy Dreams,Soul,2:21,26249,11/5/2023
Echoes of Final Smoke, Silent Static,Techno,2:48,665,1/19/2012
Prayer for Wild Skies,TheHeavy Static,Punk,4:06,43238,9/19/2019
The Shape of Forgotten Waves,The Empty Cinema,Trap,3:41,1650,3/11/2013
Stories of Midnight Fire,TheStatic Wolves,Folk,2:40,177034,7/1/2024
Midnight in Bright Gold,Silent Wolves,Blues,2:38,3948,10/16/2012
Requiem for Endless Memories,The Wild Machines,Punk,2:53,7958,11/21/2007
Children of Golden Dust,The Cold Kids,Reggae,2:57,212717,5/22/1998
Notes from Final Flames,TheSoft Garden,Soul,2:23,298,9/16/2015
Letters to Shattered Rain,The Modern Saints,Latin,4:30,21056,7/9/1998
Tales from Final Faith,TheFeral Machines,House,2:23,484,8/10/2016
Stories of Golden Time,The Young Dreams,Soundtrack,2:23,45,6/8/2000
Tales from Young Rivers,TheBright Youth,Disco,3:41,5,7/11/2022
Notes from Dark Waves,Young Kids,Alternative,3:12,1771,4/9/2003
The Shape of Shattered Truth,Holy Dreams,Rock,2:23,199,9/8/2004
Whispers of Midnight Lights,The Heavy Empire,Jazz,4:06,8,5/28/2024
Stories of Electric Lights,The Young Sinners,J-Pop,2:57,535381,3/24/1995
Visions of Final Dust, Dark Society,House,2:01,567,5/7/1998
Notes from Slow Faith,The Golden Mirrors,Funk,3:17,15851,3/13/1997
Portrait of Crimson Shadows,The Empty Voices,Folk,3:05,2913,9/23/2008
Tales from Wild Mirrors, Crimson Shadows,Blues,2:01,16,5/1/2014
Prayer for Distant Flowers,The Hidden Cinema,Pop,3:38,981,2/17/2016
Children of Neon Voices, Static Kids,R&B,3:27,31036,8/8/2007
Prayer for Forgotten Bones,TheLonely Sinners,EDM,3:30,118,7/16/2004
Stories of Broken Rivers,ThePlastic Fire,Soul,4:28,892,4/23/2005
Visions of Distant Flowers,Velvet Fire,Indie,2:52,8813,1/18/2018
Letters to Shattered Skies,TheFinal Flowers,Jazz,2:10,16,5/25/2009
Portrait of Wild Blood,Broken Echoes,Classical,2:33,7653,5/6/1998
Echoes of Soft Silence,The Hidden Strangers,Metal,2:44,498,10/13/2023
Hymns to Dark Lies,The Lonely Voices,Lo-Fi,2:54,2,3/16/2021
Fragments of Wild Silence,TheDark Lovers,Trap,2:17,135,12/11/2023
Echoes of Hollow Fire,Restless Empire,J-Pop,4:22,3169,4/17/2016
Ghosts of Neon Time, Golden Ritual,Trap,2:29,25768,2/3/2009
Visions of Hollow Mirrors, Silent Ghosts,K-Pop,3:32,25,8/23/1999
Echoes of Soft Flowers,The Holy Voices,Latin,3:02,19,2/12/2012
Stories of Final Blood,The Silent Wolves,Rock,2:19,4793,7/21/2004
Tales from Hidden Hope,The Heavy Cinema,Blues,2:54,448195,11/28/2010
Portrait of Final Dreams, Golden Choir,Reggae,2:13,63426,11/24/2008
Hymns to Distant Dust,The Silent Strangers,House,4:03,4,1/8/2007
Portrait of Lonely Truth,The False Assembly,Country,3:04,2172,9/15/2015
Portrait of Burning Fever,Static Lovers,Hip-Hop,3:13,1952,10/3/2022
Prayer for Fading Waves, Final Collective,Rock,3:06,17,8/7/1996
Midnight in Midnight Smoke,Sacred Signals,Drill,3:21,18,11/7/1995
Dreams of Golden Eyes,The Golden Voices,Jazz,3:23,259774,3/12/2019
Fragments of Midnight Glass,The Golden Echoes,J-Pop,4:03,17575,9/9/2010
Visions of Soft Dust,TheNeon Shadows,K-Pop,2:13,48,10/9/2007
Songs for Broken Lights, Dark Hearts,Rock,3:32,6,10/26/2018
Visions of Wild Lights,Plastic Sinners,Pop,2:53,1,11/4/2021
Ghosts of Dark Flames,Golden Ghosts,Alternative,4:04,9,7/21/1995
Hymns to Electric Sins,TheVelvet Club,Folk,2:17,7,6/11/2006
Children of Electric Ashes, Neon Cinema,Reggae,2:44,13,1/20/2019
Midnight in Cold Waves,Glass Assembly,Classical,3:11,18,4/3/2020
Songs for Dark Stars,Modern Machines,Punk,4:22,721378,2/22/2005
Dreams of Midnight Flames,The Empty Angels,Disco,2:15,365,1/20/2000
Requiem for Empty Youth,TheGolden Empire,Jazz,2:10,12661,9/8/1995
Echoes of Static Shadows, Endless Signals,House,2:42,1,5/18/2018
Prayer for Soft Sins,The Golden Machines,EDM,3:08,7,11/14/2018
Hymns to Final Mirrors,The Heavy Mirrors,EDM,4:14,83256,4/12/2013
Portrait of Lonely Fire,The Modern Voices,Ambient,2:14,2963,12/21/2019
Visions of Soft Mirrors,The Final Ritual,Drill,3:36,40,5/25/2003
Midnight in Crimson Faith, Golden Ghosts,Latin,3:22,21,11/8/1997
Tales from Burning Silence,The Broken Society,Soul,4:30,26504,1/13/2022
Midnight in Final Secrets, Final Assembly,Trap,2:25,6372,1/19/2019
Tales from Lonely Rain,TheYoung Mirrors,Afrobeats,3:11,79372,1/3/2005
Ballad of Cold Lies,TheEndless Fever,Lo-Fi,4:30,981,3/1/1997
Letters to Electric Smoke, Holy Empire,Afrobeats,4:07,13,8/10/2019
Last Days of Crimson Lies,TheCold Hearts,Lo-Fi,2:17,502858,12/12/2010
Last Days of Velvet Time,The Crimson Kids,Funk,3:30,154684,6/24/2023
Ghosts of Golden Secrets,The Soft Dreams,Metal,2:46,617642,9/5/2016
Songs for Shattered Static,The Bright Machines,Disco,4:07,6,10/6/2020
Notes from Cold Static, Holy Lovers,Lo-Fi,3:36,27,9/17/2019
Last Days of Sacred Fever,The Silent Youth,Classical,3:22,977,3/1/2009
Fragments of Restless Time,The Wild Machines,Soundtrack,4:09,1404,12/9/2000
Ghosts of Velvet Waves,The Hidden Voices,House,2:48,3,12/24/2023
Notes from Electric Hearts, Midnight Hearts,Funk,2:14,331685,12/17/2000
Ballad of Empty Static,Silent Fire,Ambient,3:26,101956,11/6/2018
Ghosts of Forgotten Echoes, Broken Flowers,Soul,2:18,5264,6/3/2024
Prayer for Burning Shadows,Cold Garden,Trap,2:10,273,11/19/2015
Portrait of Crimson Rivers,TheStatic Sinners,Disco,4:24,116,4/9/2018
The Shape of Final Hearts,TheBroken Saints,Punk,4:03,1323,6/28/2002
The Shape of Dark Dust,The Young Wolves,Pop,2:44,22,3/10/2017
Dreams of Distant Stars, Crimson Empire,Disco,2:36,75,8/23/2016
Visions of Bright Faith,TheHeavy Ghosts,Latin,3:19,537671,4/26/1999
Last Days of Wild Memories,The Hidden Club,Funk,2:31,526281,4/18/2011
Ghosts of Hidden Eyes,TheBright Club,Hip-Hop,3:04,66652,9/1/2013
Ghosts of Burning Gold, Sacred Wolves,Punk,3:24,18311,7/27/2010
Whispers of Crimson Voices,TheStatic Fire,Afrobeats,2:20,49,6/18/1999
Hymns to Restless Silence,The Wild Flowers,Afrobeats,2:05,975444,1/2/2013
The Shape of Bright Gold,Plastic Society,House,3:21,647,8/25/2010
Hymns to Lonely Rivers,ThePaper Sinners,Folk,4:11,1,4/26/2009
Children of Endless Storms,TheGlass Empire,R&B,4:24,796034,3/2/1998
Prayer for Hollow Blood,Lonely Club,Metal,3:31,670488,8/3/2001
Tales from Restless Bones,Paper Static,Soul,3:36,299716,4/2/2007
Ballad of Hidden Glass, Holy Strangers,Electronic,2:02,78,11/6/2022
Tales from Silent Memories, Empty Empire,Country,4:03,857111,1/17/2009
Whispers of Electric Rain,Endless Society,Jazz,3:33,189,6/24/1998
Ballad of Slow Fever,Crimson Machines,Latin,4:11,25,1/2/2004
Echoes of Slow Truth,The Paper Wolves,Jazz,4:02,553,6/28/2013
Midnight in Bright Fire,TheNeon Angels,Ambient,3:10,948862,8/19/2001
Dreams of Restless Silence, Silent Dreams,Latin,2:30,21,12/23/1997
Midnight in Dark Static,TheLonely Fire,Punk,2:11,314715,5/5/2005
Stories of Dark Gold, Endless Hearts,Rock,4:06,14300,8/13/2014
Ghosts of Wild Truth,The Electric Fever,Folk,2:41,14,4/16/2000
Fragments of Midnight Silence,The Glass Lovers,Hip-Hop,3:05,8815,1/18/2006
The Shape of Forgotten Dreams,The Lonely Collective,Afrobeats,3:23,1175,10/8/2016
Letters to Wild Signals,TheGlass Sinners,Drill,2:33,1288,6/10/2020
Ghosts of Empty Snow,TheCrimson Fire,Electronic,3:57,2,2/24/2010
Whispers of Slow Bones,The Lonely Garden,Punk,3:05,1380,1/12/1996
The Shape of Endless Dreams,Static Voices,Lo-Fi,2:03,5185,3/22/2006
Ballad of Distant Sins,The Broken Youth,Lo-Fi,2:50,47716,8/5/2006
Whispers of Endless Glass,TheBroken Saints,Soul,3:05,10072,11/16/2011
Ghosts of Golden Fever,TheHidden Echoes,Blues,4:02,491,1/26/2017
Midnight in Shattered Truth,The Holy Lovers,Techno,4:30,54358,6/25/2007
Songs for Slow Dreams,The Golden Sinners,Rock,3:49,87127,6/18/2022
Tales from Golden Faith,Silent Club,Latin,3:05,396,3/9/2019
Whispers of Static Stars,TheGlass Signals,Soundtrack,2:32,95,12/16/2010
Tales from Empty Hope, Paper Static,Disco,4:04,182028,5/26/2019
Children of Golden Memories,TheCold Assembly,Alternative,2:17,28227,10/16/2024
Children of Wild Time,The Restless Empire,R&B,4:26,414482,8/27/2014
Fragments of Sacred Signals,TheGlass Assembly,Reggae,2:57,1184,2/18/2010
Portrait of Sacred Storms, Static Fire,Punk,3:27,14,9/9/2007
Whispers of Heavy Static, Plastic Choir,J-Pop,2:55,3,6/3/1997
Dreams of Electric Ashes,The Restless Angels,J-Pop,4:21,9886,10/18/2003
Midnight in Restless Bones,TheSilent Sinners,Latin,3:41,92,5/28/2021
Midnight in Bright Dreams,The Plastic Empire,Disco,2:22,1060,6/9/2009
Songs for Dark Voices,Wild Hearts,Rock,4:12,30962,11/16/2023
Ballad of Lonely Youth,The Paper Empire,Latin,2:03,136715,11/13/1997
Last Days of Wild Silence,Final Hearts,EDM,4:02,1978,3/7/2009
Tales from Young Signals,Restless Angels,Drill,4:30,7407,12/11/2015
Whispers of Sacred Skies,TheBroken Kids,Hip-Hop,3:23,228800,2/10/2013
Letters to Cold Machines, Velvet Kids,Funk,4:29,411110,1/5/2004
The Shape of Shattered Lies, Young Angels,Soul,3:41,509622,11/24/2005
Tales from Young Shadows,The Restless Hearts,Disco,4:13,157388,6/17/2017
Ballad of Restless Signals,The Electric Ritual,Funk,4:28,1615,3/16/2001
Songs for Forgotten Hearts,Feral Machines,Folk,2:37,970496,11/28/1998
Letters to Lonely Lights,The Endless Voices,House,3:36,138,1/25/2000
Ballad of Final Memories,The Plastic Wolves,Soul,2:01,18828,9/15/2001
Portrait of Midnight Smoke,The Endless Garden,Afrobeats,4:22,8130,6/2/1996
Fragments of Heavy Ashes,The Electric Angels,Reggae,2:07,622887,3/15/1998
Portrait of Bright Flames,TheBright Sinners,Rock,2:09,1238,11/20/2001
Dreams of Cold Signals, Velvet Cinema,Jazz,2:24,206,1/25/2000
Visions of Hidden Youth,TheEndless Wolves,Alternative,3:17,37684,4/24/2022
Children of Lonely Storms, Endless Youth,Alternative,2:10,72314,10/23/2023
Children of Dark Time,The Broken Dreams,K-Pop,3:42,10770,9/7/2012
Hymns to Sacred Eyes,The Hidden Strangers,J-Pop,2:10,245207,9/5/2006
Letters to Bright Waves,The Static Collective,Metal,3:37,12634,4/23/2005
Dreams of Soft Lies,The Modern Collective,Trap,4:12,32,11/20/1997
Ghosts of Sacred Flowers,Velvet Fire,Afrobeats,3:51,321391,2/11/1996
Stories of Lonely Bones,TheElectric Echoes,Funk,3:26,575,9/15/2006
Ghosts of Slow Dreams,TheDark Sinners,Disco,3:51,551,3/11/2004
Portrait of Hidden Stars, Broken Strangers,Hip-Hop,3:08,193824,7/9/2005
Stories of Young Ashes, Modern Static,Blues,4:02,58,2/1/2010
Whispers of Sacred Dust,TheCold Static,R&B,2:14,4045,6/11/2012
Hymns to Neon Bones,TheRestless Ghosts,Latin,2:42,2,3/18/2013
Prayer for Soft Stars,Velvet Choir,Funk,4:15,1078,10/11/2022
Ghosts of Wild Dust,TheGolden Assembly,Soul,4:07,6,12/27/2020
Notes from Endless Shadows,TheSoft Ghosts,Pop,3:29,1396,7/26/2013
Ghosts of Neon Lights,TheSacred Kids,Pop,2:28,2,6/24/2012
The Shape of Shattered Glass,TheNeon Garden,Rock,3:30,139601,7/7/1998
Letters to Crimson Truth, Golden Ritual,Classical,2:07,63,9/14/1997
The Shape of Neon Silence,Bright Fire,Alternative,3:04,2,7/5/2008
Fragments of Crimson Time, Velvet Fire,Alternative,3:36,26498,1/5/2002
Dreams of Dark Signals,The Sacred Mirrors,Rock,2:53,881,6/20/2010
Tales from Burning Waves,The Heavy Club,Lo-Fi,3:57,315292,10/4/2002
Echoes of Golden Hope,Glass Club,Reggae,3:42,30,3/23/2003
Letters to Lonely Bones, Crimson Empire,Electronic,3:45,10461,4/4/2011
Last Days of Crimson Sins,The Glass Fire,Jazz,2:36,69815,1/15/1997
Portrait of Golden Truth,TheEndless Ritual,House,2:25,569,1/2/2006
Midnight in Golden Eyes,ThePaper Fire,Alternative,3:51,48247,4/9/1998
Midnight in Hidden Waves,TheEndless Strangers,Hip-Hop,2:03,2,10/22/1995
Ballad of Final Bones,The Midnight Sinners,Lo-Fi,3:58,12734,9/21/2015
Whispers of Crimson Blood, Broken Kids,Latin,4:09,1377,7/23/2015
Prayer for Young Hearts,The Modern Echoes,Electronic,3:40,4,9/24/2013
Ghosts of Final Dreams,TheStatic Choir,Ambient,2:20,5,10/20/2008
Echoes of Golden Lies, Broken Assembly,Pop,3:23,4,6/12/2024
Last Days of Young Glass,Cold Saints,Rock,3:06,9,11/4/2021
Prayer for Dark Night,TheBright Fire,Funk,2:51,19777,11/15/1999
Ballad of Endless Night,The Wild Fever,J-Pop,3:37,131,3/2/2024
Whispers of Burning Static,TheVelvet Club,Latin,2:27,370,10/14/2019
Whispers of Dark Truth,The Glass Collective,EDM,3:50,27,1/11/2022
Songs for Bright Silence,The Restless Mirrors,Trap,2:50,48130,7/3/2009
Fragments of Cold Rain,The Bright Strangers,Lo-Fi,4:00,2,6/2/2013
Children of Sacred Gold,The Feral Ghosts,EDM,4:13,2,5/14/2015
Ballad of Shattered Dreams, Electric Fire,Alternative,2:07,362,5/24/2001
Requiem for Hidden Dust,Soft Society,Disco,2:54,6011,3/12/2003
Requiem for Static Stars, Electric Society,Trap,3:13,380,3/25/2015
Whispers of Restless Storms,TheBroken Fever,Techno,4:02,1124,12/3/2018
Whispers of Restless Time,The Static Dreams,Trap,4:13,3,7/20/2021
Dreams of Static Eyes,The Young Collective,House,2:53,35,12/3/1998
Children of Soft Rivers, Velvet Echoes,Folk,3:16,18724,5/28/2000
Children of Silent Stars,ThePlastic Wolves,Soul,3:40,532378,9/18/2011
Stories of Golden Flowers,The Hidden Dreams,Techno,2:58,241124,6/27/2005
Letters to Wild Skies,Sacred Machines,Techno,3:14,13593,2/12/2004
Letters to Restless Stars,The Holy Shadows,Pop,3:24,2126,10/25/2012
Letters to Lonely Fever, Lonely Cinema,Drill,3:58,95,12/15/2002
Stories of Young Memories,The Lonely Voices,Classical,4:26,3,10/23/2018
Visions of Fading Fire, Endless Fever,Punk,4:16,152,1/18/2002
Ghosts of Velvet Fever, False Kids,Electronic,4:28,442,1/24/2017
Echoes of Velvet Ashes, Glass Wolves,House,2:58,101,2/5/1997
Fragments of Lonely Hope,TheEndless Choir,R&B,2:47,48431,7/1/2002
Portrait of Electric Ashes,TheLonely Society,Alternative,3:06,864,11/20/2007
Letters to Burning Night,Lonely Ghosts,Alternative,3:19,1031,2/14/2008
Whispers of Golden Static, Holy Society,Lo-Fi,3:23,5,6/25/2022
Songs for Broken Bones,The Lonely Echoes,Latin,3:35,27615,10/1/2017
Ballad of Young Time,The Soft Signals,Country,3:46,35,9/23/2020
Letters to Burning Secrets,The Holy Shadows,Soundtrack,2:10,5,6/20/2017
Notes from Heavy Storms,The Modern Cinema,J-Pop,2:59,20,1/19/2001
Whispers of Silent Static,The Electric Angels,Folk,4:15,13,1/20/2022
Ballad of Sacred Time,The Wild Sinners,Hip-Hop,2:39,1240,4/25/2008
Dreams of Cold Lies,The Plastic Youth,Disco,2:03,60,3/25/2003
Hymns to Final Lights, Electric Choir,Reggae,2:19,60293,8/8/2003
Portrait of Neon Youth, False Collective,Country,2:18,187016,4/15/2023
Echoes of Young Lights,TheHidden Flowers,House,2:48,10,10/17/2002
Whispers of Soft Signals, Electric Wolves,Punk,4:00,224685,8/5/2011
Dreams of Soft Eyes,Feral Strangers,Indie,4:13,4,5/7/2001
Children of Electric Snow,The Holy Fever,J-Pop,3:07,174,7/6/2013
Letters to Bright Signals,The Lonely Choir,Alternative,2:18,6,9/21/2005
Hymns to Distant Lies, Hidden Collective,Folk,2:35,1520,7/10/1996
Portrait of Silent Hope, Sacred Saints,Hip-Hop,3:43,2127,4/26/1990
Notes from Neon Waves,TheGlass Mirrors,Afrobeats,4:26,39856,7/4/2016
Prayer for Shattered Lights,The Paper Fire,Trap,4:08,13,5/25/1996
Children of Electric Lies,The Cold Youth,Indie,3:02,11855,11/12/2001
The Shape of Lonely Dust, Restless Fever,Trap,3:06,125713,12/6/2000
Ghosts of Cold Rain,The False Strangers,Lo-Fi,3:50,33107,8/2/2010
Ghosts of Shattered Gold,The False Dreams,Indie,2:47,358,12/13/2014
Whispers of Velvet Lights,TheCold Club,Trap,3:17,290,11/6/2001
Ghosts of Bright Faith, Feral Hearts,Electronic,3:48,6,9/14/2002
Children of Cold Signals,Soft Echoes,Soundtrack,2:48,29,4/19/2017
Ballad of Silent Static,The Sacred Machines,EDM,3:08,9,11/18/2015
Portrait of Young Storms,Silent Static,Soundtrack,4:05,4,8/14/2005
Notes from Crimson Machines, Final Youth,Pop,4:09,3097,2/10/2022
Notes from Lonely Storms,The Sacred Society,Funk,3:43,31888,12/8/2014
Whispers of Burning Gold, Golden Ghosts,Lo-Fi,3:06,8050,5/10/2007
Prayer for Soft Machines,TheLonely Assembly,Trap,2:09,365590,12/18/2000
Notes from Hidden Truth,The Dark Assembly,Alternative,2:07,158,4/13/2006
Portrait of Midnight Fever,The Broken Collective,Afrobeats,4:10,287,12/28/1997
Stories of Silent Skies,TheElectric Voices,Drill,2:46,38111,10/16/2017
Visions of Bright Voices,The Sacred Kids,EDM,2:26,1,9/21/2005
Fragments of Velvet Dust, Crimson Dreams,K-Pop,2:39,63,5/14/2022
Notes from Neon Waves,The Paper Kids,Classical,2:07,89689,3/10/2018
Requiem for Broken Glass, False Machines,Electronic,2:16,283679,8/10/2005
Hymns to Crimson Skies,The Broken Ghosts,Indie,2:13,52217,3/26/2017
Fragments of Golden Dreams,The Hidden Choir,Folk,2:44,15294,5/16/2017
Tales from Endless Secrets,Endless Angels,Blues,3:02,182942,9/12/2018
Hymns to Crimson Shadows, Golden Mirrors,Disco,4:20,350,12/15/2005
Visions of Distant Hearts,TheHidden Machines,Afrobeats,2:54,81073,3/16/2019
Tales from Midnight Rain,TheHeavy Hearts,Ambient,3:34,141792,12/27/2010
Hymns to Silent Glass,Sacred Static,Rock,3:51,35,5/9/1997
Echoes of Wild Lights,The Plastic Kids,Ambient,3:41,267,11/15/2017
Visions of Neon Flowers,Restless Shadows,Drill,4:03,1,11/10/2016
Portrait of Heavy Flames,The Restless Lovers,Ambient,3:31,232,7/21/2024
Tales from Distant Memories,Modern Angels,Rock,3:17,58325,12/20/1998
Notes from Midnight Dreams, Broken Club,Drill,4:28,18542,5/17/1997
Letters to Fading Glass,The Electric Wolves,J-Pop,4:01,10,10/14/2003
Echoes of Broken Smoke,TheGlass Assembly,Hip-Hop,2:32,7202,7/21/1990
Ballad of Restless Flowers,The Neon Hearts,House,4:06,1333,8/7/1995
Stories of Sacred Dreams,TheSilent Dreams,Alternative,3:45,1138,2/3/2015
Letters to Silent Echoes,The False Collective,Pop,2:47,60,5/1/2014
Ghosts of Velvet Hope,TheGlass Ritual,Alternative,3:50,165520,7/11/2024
Hymns to Dark Memories,TheGolden Ghosts,Reggae,3:42,3,7/14/2000
Songs for Sacred Rivers,The Sacred Ghosts,Disco,4:24,24,2/14/2020
Notes from Neon Flames,The Sacred Voices,Disco,4:04,5679,2/24/1995
The Shape of Neon Sins,Neon Cinema,Electronic,3:40,72669,1/2/2005
Children of Silent Sins,The Modern Strangers,Ambient,3:29,85,5/8/2012
Last Days of Burning Flowers, Broken Wolves,Pop,2:44,51,10/6/2007
Tales from Distant Ashes, Feral Voices,Alternative,2:11,13867,5/4/2009
Last Days of Static Hearts,Golden Ritual,Blues,4:06,227,2/6/2004
Fragments of Slow Smoke,TheFeral Wolves,Drill,2:27,7058,12/14/2008
Ghosts of Electric Voices, Broken Wolves,Country,3:02,27,9/22/1995
Ghosts of Burning Youth,TheSoft Echoes,Trap,2:43,3461,9/7/1996
Notes from Dark Fever,The Young Strangers,Latin,3:37,8,2/15/1997
Last Days of Lonely Blood, Cold Collective,Rock,3:48,7809,5/16/2002
Dreams of Restless Sins,TheStatic Hearts,Indie,3:10,93,10/14/2020
Last Days of Golden Lights,Sacred Dreams,Classical,3:52,513122,3/13/1999
Requiem for Endless Flowers,The Silent Ritual,Punk,3:22,281982,5/16/2018
Tales from Electric Waves,ThePaper Machines,Rock,3:03,125,5/18/2023
The Shape of Forgotten Snow,The Empty Strangers,Punk,3:33,962,3/28/2023
Tales from Velvet Night,TheNeon Machines,Rock,3:16,1095,9/12/2019
Whispers of Golden Smoke,The Golden Static,Disco,2:35,123895,5/13/2005
Children of Golden Dust,The Silent Collective,Alternative,4:19,261,3/13/2002
Tales from Neon Machines, Golden Fire,Reggae,2:10,2,3/13/2002
Fragments of Electric Bones,TheModern Garden,Funk,3:09,40018,7/25/2007
Hymns to Forgotten Echoes, Hidden Angels,Soul,2:14,234296,3/2/2016
The Shape of Distant Rivers,The Midnight Dreams,Disco,2:41,50,2/6/2004
Visions of Wild Bones, Bright Voices,Techno,3:57,3,4/24/1997
Stories of Young Memories, Lonely Youth,Punk,3:12,1,6/23/1996
Tales from Static Signals,Plastic Hearts,Hip-Hop,3:35,24379,2/1/1994
Visions of Sacred Faith,The Endless Youth,Indie,3:24,453,1/4/2017
Tales from Restless Hope,TheSacred Static,K-Pop,2:25,23469,5/23/2008
Last Days of Shattered Gold,Restless Fever,Folk,3:38,67731,8/24/1996
Ghosts of Wild Rivers,TheBright Strangers,House,3:42,346,11/16/2002
Children of Velvet Lights,The Endless Fire,Drill,2:13,229,2/5/2019
Ballad of Distant Bones,The Modern Saints,Lo-Fi,2:31,3,10/21/2014
Ghosts of Dark Blood, Neon Choir,Alternative,2:04,107089,6/8/2022
Ballad of Empty Snow, Velvet Wolves,Afrobeats,3:52,30701,5/16/2010
The Shape of Hidden Waves,The Bright Ghosts,Alternative,3:25,6,6/24/1998
Songs for Fading Ashes,The Cold Fire,Country,3:47,2,7/16/2008
Songs for Distant Bones,The Midnight Machines,Latin,2:53,2,3/28/2004
Hymns to Endless Voices, Final Saints,Drill,2:48,129389,11/17/2012
Portrait of Broken Gold,The Empty Angels,Blues,2:12,752,8/25/2014
Songs for Endless Signals,The Paper Strangers,EDM,2:20,3918,10/11/2023
Portrait of Static Skies,The Plastic Fire,Blues,2:55,9,2/23/2007
Tales from Bright Truth,TheBright Society,Reggae,3:47,56217,12/11/2021
Tales from Final Dust,TheGlass Youth,Blues,3:04,20033,4/16/2019
Ghosts of Restless Faith,Endless Kids,Blues,4:15,34353,8/16/1998
Dreams of Crimson Rain,Bright Collective,Funk,2:47,3,4/12/2017
Echoes of Broken Ashes, Young Collective,R&B,4:07,96839,5/17/2004
Ballad of Lonely Signals,TheMidnight Assembly,Jazz,2:50,169,7/5/2023
Songs for Broken Waves,The Dark Fire,EDM,4:29,100,7/25/2020
Children of Golden Eyes,The Neon Strangers,Alternative,2:17,23,6/27/2015
Tales from Heavy Bones, Golden Lovers,Soul,3:17,5,9/7/2001
Visions of Wild Memories, Holy Strangers,Metal,3:22,5,4/3/2017
Letters to Silent Skies, Neon Choir,Funk,3:46,372549,3/11/2015
Prayer for Final Stars, Broken Choir,Rock,3:10,5,10/19/1998
Midnight in Static Gold, Electric Club,Techno,3:52,1728,10/27/2014
Portrait of Final Secrets,TheEndless Youth,J-Pop,3:52,1625,11/12/2008
Letters to Heavy Skies,TheHeavy Shadows,Trap,2:54,2600,3/14/2018
Fragments of Electric Glass,The Golden Signals,Folk,4:19,41,12/12/2003
Songs for Empty Hearts,TheSilent Mirrors,J-Pop,2:27,613702,8/20/2016
Songs for Heavy Skies,Final Dreams,R&B,2:56,507251,2/4/2021
Songs for Hidden Waves,The Holy Ritual,Funk,2:51,34921,7/9/2003
Dreams of Wild Rivers,The Restless Kids,House,3:18,2,4/27/2023
Prayer for Broken Dust, Sacred Sinners,Drill,2:20,102,4/18/1996
Children of Golden Eyes,Electric Machines,Drill,3:13,2221,10/22/1998
Stories of Shattered Time,Wild Saints,Jazz,4:27,5480,2/16/2007
Stories of Sacred Ashes,Glass Collective,Country,2:14,15953,1/7/2006
Requiem for Midnight Snow, Endless Youth,R&B,2:38,2,4/25/2016
Songs for Slow Dust,The Sacred Fire,K-Pop,2:36,319138,10/9/2002
Whispers of Distant Dust,Modern Lovers,Latin,3:44,129256,10/15/1998
The Shape of Young Snow,The Heavy Strangers,EDM,4:04,362439,9/4/2015
Midnight in Empty Fire,TheHidden Garden,Folk,4:26,26,5/12/2022
Midnight in Slow Hope,The Dark Saints,Pop,4:19,21,6/11/2019
Ballad of Broken Bones,The Soft Lovers,Alternative,2:56,223327,10/15/1998
Prayer for Silent Flames,The Hidden Strangers,Soundtrack,4:21,4544,9/1/2020
Ballad of Static Rain,TheStatic Signals,Disco,3:09,32,8/9/2006
Fragments of Broken Fever,TheLonely Flowers,House,3:24,60396,4/16/1998
Songs for Heavy Snow,TheGlass Kids,Metal,4:23,18319,10/11/2007
Visions of Wild Gold,TheFinal Empire,Soundtrack,3:39,12,11/8/2021
Midnight in Distant Gold, False Cinema,Techno,2:40,352864,11/14/2009
Songs for Bright Glass,Broken Shadows,Country,2:05,4,6/8/2023
Letters to Fading Flowers,The Broken Assembly,Punk,2:28,2,7/15/2023
Tales from Heavy Fire,The Cold Garden,Alternative,3:46,50998,8/20/2008
Children of Restless Blood,The Electric Assembly,EDM,4:13,190,1/19/2017
Tales from Bright Blood,The Midnight Shadows,Soundtrack,2:12,21769,12/15/2017
Stories of Lonely Time, Paper Fire,Ambient,2:04,1667,11/6/1996
Whispers of Electric Dreams,The Plastic Garden,EDM,3:36,2,11/20/1996
Hymns to Restless Secrets,The Feral Wolves,Metal,2:03,11,6/10/2008
Fragments of Silent Silence,The Neon Collective,Afrobeats,3:46,768083,8/6/2011
Midnight in Lonely Hearts,Heavy Fever,Latin,2:13,1,6/1/1996
Echoes of Shattered Blood,The Final Lovers,Jazz,2:57,60677,2/9/2009
Children of Shattered Eyes, False Mirrors,Blues,4:25,2,6/15/2007
Last Days of Final Shadows,The Midnight Collective,Techno,2:25,1238,5/2/2023
Stories of Silent Fever,TheYoung Collective,Disco,3:11,37692,8/8/2001
Letters to Hidden Secrets,TheModern Ghosts,Funk,4:27,240302,6/9/2012
Children of Final Blood,Holy Hearts,Classical,2:03,238552,3/21/1999
The Shape of Soft Night, Silent Dreams,Folk,3:25,134,5/2/2007
Letters to Fading Eyes,TheVelvet Garden,Disco,4:19,930149,8/2/2024
Whispers of Restless Rivers, Holy Dreams,Classical,3:37,315558,3/2/2020
Letters to Midnight Dreams,The Static Lovers,EDM,2:23,2,1/27/2006
Echoes of Neon Eyes,TheVelvet Club,Soundtrack,2:55,10,3/7/2009
Children of Forgotten Ashes, Cold Dreams,Folk,4:17,198412,4/12/2005
Children of Cold Faith,TheGolden Garden,Ambient,3:28,120705,2/8/2001
Stories of Electric Static,The Holy Signals,Soul,3:59,29,11/18/2004
Ghosts of Empty Flowers,The Young Garden,Pop,2:23,697070,5/27/2010
Visions of Lonely Time,ThePlastic Angels,Lo-Fi,3:26,139,8/8/2020
Tales from Midnight Flowers,The Cold Ritual,Reggae,3:58,173064,4/23/2013
Midnight in Broken Flames, Velvet Cinema,Pop,2:12,2928,6/25/2012
Songs for Endless Lies,The Heavy Machines,R&B,3:50,103731,3/2/2010
Letters to Crimson Sins,TheBright Garden,Drill,2:48,684,9/27/2007
Children of Electric Time,The Cold Youth,Disco,3:14,38446,12/12/2018
Notes from Restless Secrets,Cold Static,Electronic,2:48,221,3/8/2004
Children of Velvet Echoes,The Endless Machines,Funk,3:32,13,7/16/2009
Echoes of Hollow Glass, Modern Kids,J-Pop,3:12,24,10/10/2017
Midnight in Young Night,The Electric Sinners,Latin,3:01,27920,4/4/2013
Children of Endless Echoes, Restless Empire,Latin,3:23,59,4/22/2010
Songs for Restless Signals,The Holy Dreams,Techno,3:38,147855,4/8/2017
Dreams of Lonely Fever,The Holy Fire,EDM,3:32,920,8/3/2000
Prayer for Empty Ashes, Holy Lovers,Blues,4:21,844240,4/23/2012
Children of Hollow Sins,TheCrimson Assembly,Soul,3:00,953681,12/17/1996
Last Days of Lonely Snow,The Midnight Strangers,R&B,2:20,172,10/27/2007
Fragments of Fading Secrets,The Final Machines,R&B,4:29,255,11/7/2008
Letters to Static Memories, Final Kids,Funk,2:23,572,5/8/2011
Requiem for Fading Blood,ThePlastic Fever,Soundtrack,3:41,15,5/20/2017
Ballad of Dark Snow, Neon Collective,Latin,2:30,28543,5/9/2023
Portrait of Fading Storms,TheMidnight Saints,Rock,2:48,37,1/8/2000
The Shape of Burning Secrets, Midnight Choir,K-Pop,2:08,44,1/12/1995
Whispers of Sacred Lights,Golden Assembly,J-Pop,3:22,521,4/22/2021
Dreams of Restless Voices,The Young Lovers,Reggae,2:00,393764,5/28/2000
Dreams of Young Youth,TheNeon Angels,Metal,4:14,1075,7/17/2018
Last Days of Young Gold,Restless Empire,Trap,4:13,37331,5/5/2016
Ballad of Soft Glass, Bright Club,Lo-Fi,2:03,13388,4/23/2024
The Shape of Crimson Signals,TheMidnight Ritual,Techno,2:28,2,8/26/1996
Whispers of Wild Glass,The Endless Dreams,Soundtrack,2:57,10617,6/18/2003
The Shape of Hollow Blood, Crimson Mirrors,Indie,2:24,24,5/8/2018
Ghosts of Young Sins,Heavy Youth,Soundtrack,2:05,225,10/18/1997
Children of Bright Fever, Endless Mirrors,Pop,4:00,934,12/2/2015
Portrait of Endless Snow, Dark Sinners,Punk,3:56,36585,7/2/2017
Requiem for Hollow Bones,The Neon Choir,Classical,4:13,1564,12/17/2003
Hymns to Electric Skies,The Young Fire,Rock,3:31,6,7/4/2013
Requiem for Restless Mirrors, Endless Sinners,EDM,3:05,13134,11/18/1996
The Shape of Velvet Truth,Modern Lovers,Latin,2:49,2610,1/25/2002
Ghosts of Dark Shadows,Velvet Strangers,Trap,2:00,289852,6/23/2016
Ballad of Silent Storms,TheHoly Angels,Funk,3:08,4,1/3/2005
Stories of Midnight Rivers,The Wild Garden,Punk,2:23,110,9/2/2009
Portrait of Silent Bones,Dark Society,Alternative,2:22,27425,1/2/2008
Visions of Silent Rain,The Glass Saints,Folk,2:33,142803,3/8/2016
Portrait of Forgotten Truth,TheFinal Club,Trap,4:27,5,11/1/2020
Fragments of Endless Rain,TheEndless Sinners,Punk,2:00,1,2/8/1996
Requiem for Wild Voices, Neon Angels,Country,2:58,145,7/1/2011
Requiem for Restless Memories,The Dark Fire,Funk,2:53,605,1/15/2022
Visions of Hollow Fire,The Wild Kids,EDM,3:40,84643,6/5/2000
Last Days of Broken Signals, Sacred Club,Electronic,2:42,23,10/5/2003
Dreams of Sacred Rivers, Dark Static,Soundtrack,3:10,289074,11/1/2018
Dreams of Burning Static,The Broken Lovers,Blues,2:28,68,5/1/2022
The Shape of Young Gold,The Lonely Empire,J-Pop,4:11,2,12/17/2024
Ghosts of Bright Lies,The Endless Empire,Hip-Hop,3:03,21906,1/1/2017
Ballad of Cold Memories,The Final Ritual,Jazz,2:31,22,1/6/2016
Ghosts of Soft Waves, Velvet Lovers,Jazz,2:04,612146,11/17/2022
Children of Endless Flames,The Final Garden,Techno,2:51,595624,12/1/1999
Echoes of Restless Rivers,The Paper Hearts,Afrobeats,4:06,3,2/18/2020
Prayer for Wild Flowers,TheFalse Mirrors,Alternative,2:57,403722,10/15/2014
Notes from Silent Voices,Restless Angels,Electronic,3:11,10,10/13/2022
Visions of Neon Bones, Empty Wolves,Rock,2:17,17150,5/3/2011
Echoes of Slow Voices, Paper Angels,Jazz,4:30,2119,9/25/2024
Prayer for Hidden Dreams,The Final Wolves,Alternative,2:51,2240,7/23/2001
Midnight in Bright Time,Neon Voices,Folk,2:10,121503,1/19/2013
Requiem for Distant Hearts,Soft Ghosts,Country,2:31,270174,7/14/2011
Echoes of Restless Mirrors,TheFinal Lovers,J-Pop,2:24,26,7/3/2018
Last Days of Forgotten Blood,The Heavy Choir,Reggae,4:21,631454,10/1/2014
Hymns to Endless Stars,The Dark Lovers,Soundtrack,3:27,24377,6/9/2006
Ghosts of Bright Gold,Static Shadows,Latin,3:53,3,4/22/1998
Hymns to Forgotten Lies,The Dark Empire,Latin,4:19,3,11/15/2005
Requiem for Static Shadows,The Paper Strangers,Blues,3:36,1087,6/9/2010
Whispers of Wild Fever, Young Garden,Disco,3:38,2578,8/19/1996